HuntingEventNumber,Hunter,TrackTime,TrackLength,TrackFileError
RB-001,Dane Stevens,NA,NA,FALSE
RB-002,Jason Reger,NA,NA,FALSE
RB-003,Tony DeNicola,NA,NA,FALSE
RB-004,Ryan Rodts,NA,NA,FALSE
RB-005,Tony DeNicola,NA,NA,FALSE
RB-006,Dane Stevens,NA,NA,FALSE
RB-007,Ryan Rodts,NA,NA,FALSE
RB-008,Jason Reger,NA,NA,FALSE
RB-009,Jason Reger,NA,NA,FALSE
RB-010,Tony DeNicola,NA,NA,FALSE
RB-011,Ryan Rodts,NA,NA,FALSE
RB-012,Dane Stevens,NA,NA,FALSE
RB-013,Dane Stevens,NA,NA,FALSE
RB-014,Dane Stevens,NA,NA,FALSE
RB-015,Jason Reger,NA,NA,FALSE
RB-016,Dane Stevens,NA,NA,FALSE
RB-017,Dane Stevens,NA,NA,FALSE
RB-018,Tony DeNicola,NA,NA,FALSE
RB-019,Ryan Rodts,NA,NA,FALSE
RB-020,Ryan Rodts,NA,NA,FALSE
RB-021,Judson Brown,NA,NA,FALSE
RB-022,James Bulbrook,NA,NA,FALSE
RB-023,Jason Reger,NA,NA,FALSE
RB-024,Dane Stevens,NA,NA,FALSE
RB-025,Tony DeNicola,NA,NA,FALSE
RB-026,Tony DeNicola,NA,NA,FALSE
RB-027,Dane Stevens,NA,NA,FALSE
RB-028,Jason Reger,NA,NA,FALSE
RB-029,James Bulbrook,NA,NA,FALSE
RB-030,Judson Brown,NA,NA,FALSE
RB-031,Ryan Rodts,NA,NA,FALSE
RB-032,Jason Reger,NA,NA,FALSE
RB-033,Tony DeNicola,NA,NA,FALSE
RB-034,Ryan Rodts,NA,NA,FALSE
RB-035,Dane Stevens,NA,NA,FALSE
RB-036,Jason Reger,NA,NA,FALSE
RB-037,Ryan Rodts,NA,NA,FALSE
RB-038,Tony DeNicola,NA,NA,FALSE
RB-039,Ryan Rodts,NA,NA,FALSE
RB-040,Tony DeNicola,NA,NA,FALSE
RB-041,Dane Stevens,NA,NA,FALSE
RB-042,Dane Stevens,NA,NA,FALSE
RB-043,Dane Stevens,NA,NA,FALSE
RB-044,Ryan Rodts,NA,NA,FALSE
RB-045,Dane Stevens,NA,NA,FALSE
RB-046,Tony DeNicola,NA,NA,FALSE
RB-047,Tony DeNicola,NA,NA,FALSE
RB-048,Jason Reger,NA,NA,FALSE
RB-049,Dane Stevens,NA,NA,FALSE
RB-050,Ryan Rodts,NA,NA,FALSE
RB-051,Tony DeNicola,NA,NA,FALSE
RB-052,Jason Reger,NA,NA,FALSE
RB-053,Ryan Rodts,NA,NA,FALSE
RB-054,Tony DeNicola,NA,NA,FALSE
RB-055,Dane Stevens,NA,NA,FALSE
RB-056,Tauren Collinson,NA,NA,FALSE
RB-057,Tony DeNicola,NA,NA,FALSE
RB-058,Ryan Rodts,NA,NA,FALSE
RB-059,Jason Reger,NA,NA,FALSE
RB-060,Jay Jones,NA,NA,FALSE
RB-061,Dane Stevens,NA,NA,FALSE
RB-062,Norm Macdonald,NA,50652.55064,FALSE
RB-063,Tony DeNicola,NA,NA,FALSE
RB-064,Ryan Rodts,NA,NA,FALSE
RB-065,Ryan Rodts,NA,NA,FALSE
RB-066,Jay Jones,NA,NA,FALSE
RB-067,Tauren Collinson,NA,NA,FALSE
RB-068,Jason Reger,NA,NA,FALSE
RB-069,Dane Stevens,NA,NA,FALSE
RB-070,Norm Macdonald,NA,37673.83605,FALSE
RB-071,Norm Macdonald,NA,74441.87211,FALSE
RB-072,Norm Macdonald,NA,32311.47361,FALSE
RB-073,Norm Macdonald,NA,18202.19468,FALSE
RB-074,Norm Macdonald,NA,18141.12373,FALSE
RB-075,Dane Stevens,NA,NA,FALSE
RB-076,Jason Reger,NA,NA,FALSE
RB-077,James Bulbrook,NA,NA,FALSE
RB-078,Ryan Rodts,NA,NA,FALSE
RB-079,Judson Brown,NA,NA,FALSE
RB-080,Tony DeNicola,NA,NA,FALSE
RB-081,Norm Macdonald,NA,NA,FALSE
RB-082,Norm Macdonald,NA,4828.96336,FALSE
RB-083,Tony DeNicola,NA,NA,FALSE
RB-084,Ryan Rodts,NA,NA,FALSE
RB-085,Jason Reger,NA,NA,FALSE
RB-086,Dane Stevens,NA,NA,FALSE
RB-087,Tony DeNicola,NA,NA,FALSE
RB-088,Norm Macdonald,NA,4251.083139,FALSE
RB-089,Norm Macdonald,NA,14415.31741,FALSE
RB-090,Norm Macdonald,NA,4931.046962,FALSE
RB-091,Norm Macdonald,NA,3265.33215,FALSE
RB-092,Norm Macdonald,NA,36652.56831,FALSE
RB-093,Norm Macdonald,NA,40410.86248,FALSE
RB-094,Dane Stevens,NA,NA,FALSE
RB-095,Jason Reger,NA,NA,FALSE
RB-096,Ryan Rodts,NA,NA,FALSE
RB-097,Judson Brown,NA,NA,FALSE
RB-097,Tony DeNicola,NA,NA,FALSE
RB-098,Ryan Rodts,NA,NA,FALSE
RB-099,Norm Macdonald,NA,50240.1505,FALSE
RB-100,Norm Macdonald,NA,66911.17095,FALSE
RB-101,Norm Macdonald,NA,2854.237392,FALSE
RB-102,Norm Macdonald,NA,NA,FALSE
RB-103,Norm Macdonald,NA,57146.06306,FALSE
RB-104,Dane Stevens,NA,NA,FALSE
RB-105,Jason Reger,NA,NA,FALSE
RB-106,Tony DeNicola,NA,NA,FALSE
RB-107,Ryan Rodts,NA,NA,FALSE
RB-108,Norm Macdonald,NA,3174.136387,FALSE
RB-109,Norm Macdonald,NA,57772.81474,FALSE
RB-111,Norm Macdonald,NA,3059.587601,FALSE
RB-112,Norm Macdonald,NA,2494.796172,FALSE
RB-113,Norm Macdonald,NA,36294.0872,FALSE
RB-114,Tauren Collinson,NA,NA,FALSE
RB-115,James Bulbrook,NA,NA,FALSE
RB-116,Jay Jones,NA,NA,FALSE
RB-117,Judson Brown,NA,NA,FALSE
RB-118,Tony DeNicola,NA,NA,FALSE
RB-119,Norm Macdonald,NA,23739.65714,FALSE
RB-120,Norm Macdonald,NA,3090.419269,FALSE
RB-121,Norm Macdonald,NA,4247.076934,FALSE
RB-122,Norm Macdonald,NA,46470.78916,FALSE
RB-123,Norm Macdonald,NA,39871.64658,FALSE
RB-124,James Bulbrook,NA,NA,FALSE
RB-125,Judson Brown,NA,NA,FALSE
RB-126,Jay Jones,NA,NA,FALSE
RB-127,Tauren Collinson,NA,NA,FALSE
RB-128,Tony DeNicola,NA,NA,FALSE
RB-129,Norm Macdonald,NA,38759.8165,FALSE
RB-130,Jordan Munn,NA,3900,FALSE
RB-131,Lennard Sparks,NA,4300,FALSE
RB-132,Cameron Stevenson,NA,4300,FALSE
RB-133,Patrick Dawson,NA,NA,FALSE
RB-134,John Clark,NA,2700,FALSE
RB-135,James Bulbrook,NA,NA,FALSE
RB-136,Jay Jones,NA,NA,FALSE
RB-137,Judson Brown,NA,NA,FALSE
RB-138,Tauren Collinson,NA,NA,FALSE
RB-139,Jordan Munn,NA,6900,FALSE
RB-140,Lennard Sparks,NA,6600,FALSE
RB-141,Cameron Stevenson,NA,6500,FALSE
RB-142,Patrick Dawson,NA,7400,FALSE
RB-143,John Clark,NA,7500,FALSE
RB-144,Tauren Collinson,NA,NA,FALSE
RB-145,James Bulbrook,NA,NA,FALSE
RB-146,Norm Macdonald,NA,40489.1136,FALSE
RB-147,Judson Brown,NA,NA,FALSE
RB-148,Jay Jones,NA,NA,FALSE
RB-149,Tauren Collinson,NA,NA,FALSE
RB-150,Tony DeNicola,NA,NA,FALSE
RB-151,Tony DeNicola,NA,NA,FALSE
RB-152,Tony DeNicola,NA,NA,FALSE
RB-153,Norm Macdonald,NA,50570.13565,FALSE
RB-154,Jordan Munn,NA,8400,FALSE
RB-155,Lennard Sparks,NA,5000,FALSE
RB-156,Cameron Stevenson,NA,4400,FALSE
RB-157,Patrick Dawson,NA,6000,FALSE
RB-158,John Clark,NA,7000,FALSE
RB-159,Patrick Dawson,NA,1500,FALSE
RB-160,John Clark,NA,1100,FALSE
RB-162,Norm Macdonald,NA,53720.57011,FALSE
RB-163,James Bulbrook,NA,NA,FALSE
RB-164,Jay Jones,NA,NA,FALSE
RB-165,Norm Macdonald,NA,40270.23114,FALSE
RB-166,Lennard Sparks,NA,3700,FALSE
RB-168,Jordan Munn,NA,7000,FALSE
RB-169,Cameron Stevenson,NA,530,FALSE
RB-170,Patrick Dawson,NA,8600,FALSE
RB-171,John Clark,NA,6700,FALSE
RB-172,Cameron Stevenson,NA,NA,FALSE
RB-173,Jordan Munn,NA,5700,FALSE
RB-174,Lennard Sparks,NA,5500,FALSE
RB-175,Cameron Stevenson,NA,5400,FALSE
RB-176,Patrick Dawson,NA,4800,FALSE
RB-177,John Clark,NA,5200,FALSE
RB-178,Norm Macdonald,NA,62998.95034,FALSE
RB-179,Jordan Munn,NA,3800,FALSE
RB-180,Lennard Sparks,NA,3600,FALSE
RB-181,Cameron Stevenson,NA,3100,FALSE
RB-182,Patrick Dawson,NA,5100,FALSE
RB-183,John Clark,NA,4400,FALSE
RB-184,Norm Macdonald,NA,41366.63321,FALSE
RB-186,Jordan Munn,NA,5600,FALSE
RB-187,Lennard Sparks,NA,4200,FALSE
RB-188,Cameron Stevenson,NA,3500,FALSE
RB-189,Patrick Dawson,NA,3700,FALSE
RB-190,John Clark,NA,6800,FALSE
RB-191,Jordan Munn,NA,1500,FALSE
RB-192,Lennard Sparks,NA,0,FALSE
RB-194,Patrick Dawson,NA,1100,FALSE
RB-195,John Clark,NA,1582,FALSE
RB-196,Jordan Munn,NA,3100,FALSE
RB-197,Lennard Sparks,NA,2500,FALSE
RB-199,Patrick Dawson,NA,2600,FALSE
RB-200,John Clark,NA,3300,FALSE
RB-201,Norm Macdonald,NA,15568.93219,FALSE
RB-202,Norm Macdonald,NA,2029.002149,TRUE
RB-203,Norm Macdonald,NA,18311.31674,FALSE
RB-204,Norm Macdonald,NA,74895.3077,FALSE
RB-205,Jordan Munn,NA,8900,FALSE
RB-206,Lennard Sparks,NA,6800,FALSE
RB-207,Cameron Stevenson,NA,4900,FALSE
RB-208,Patrick Dawson,NA,7100,FALSE
RB-209,John Clark,NA,7000,FALSE
RB-210,Norm Macdonald,NA,34251.2284,FALSE
RB-211,Jordan Munn,NA,7300,FALSE
RB-212,Lennard Sparks,NA,7100,FALSE
RB-213,Cameron Stevenson,NA,6700,FALSE
RB-214,Patrick Dawson,NA,7400,FALSE
RB-215,John Clark,NA,7900,FALSE
RB-216,Norm Macdonald,NA,43296.92215,FALSE
RB-217,Jordan Munn,NA,7100,FALSE
RB-218,Lennard Sparks,NA,5500,FALSE
RB-219,Cameron Stevenson,NA,5100,FALSE
RB-220,Patrick Dawson,NA,5800,FALSE
RB-221,John Clark,NA,5500,FALSE
RB-222,Norm Macdonald,NA,48872.7,FALSE
RB-223,Norm Macdonald,NA,48647.7782,FALSE
RB-224,Jordan Munn,NA,5700,FALSE
RB-225,Lennard Sparks,NA,7900,FALSE
RB-226,Cameron Stevenson,NA,4000,FALSE
RB-227,Patrick Dawson,NA,7100,FALSE
RB-228,John Clark,NA,7100,FALSE
RB-229,Norm Macdonald,NA,47884.71874,FALSE
RB-230,Patrick Dawson,NA,NA,FALSE
RB-231,Norm Macdonald,NA,59805.40689,FALSE
RB-232,Jordan Munn,NA,1023.753475,FALSE
RB-235,Norm Macdonald,NA,12191.9,FALSE
RB-236,Norm Macdonald,NA,46278.63735,FALSE
RB-237,Jordan Munn,NA,8400,FALSE
RB-238,Lennard Sparks,NA,7900,FALSE
RB-239,Cameron Stevenson,NA,4100,FALSE
RB-240,Patrick Dawson,NA,9800,FALSE
RB-241,John Clark,NA,4300,FALSE
RB-242,Norm Macdonald,NA,32907.33037,FALSE
RB-243,Norm Macdonald,NA,35371.05227,FALSE
RB-244,John Clark,NA,NA,FALSE
RB-244,Cameron Stevenson,NA,NA,FALSE
RB-245,Patrick Dawson,NA,473.039223,FALSE
RB-245,John Clark,NA,NA,FALSE
RB-246,Peter Dyment,NA,NA,FALSE
RB-247,Norm Macdonald,NA,43907.86,FALSE
RB-248,Jordan Munn,NA,3400,FALSE
RB-249,Lennard Sparks,NA,3500,FALSE
RB-250,Cameron Stevenson,NA,3300,FALSE
RB-251,Patrick Dawson,NA,5000,FALSE
RB-252,John Clark,NA,4700,FALSE
RB-253,Norm Macdonald,NA,43967.50541,FALSE
RB-254,Norm Macdonald,NA,30867.82036,FALSE
RB-255,Jordan Munn,NA,11400,FALSE
RB-256,Lennard Sparks,NA,8900,FALSE
RB-257,Cameron Stevenson,NA,5300,FALSE
RB-258,Patrick Dawson,NA,6100,FALSE
RB-259,John Clark,NA,8100,FALSE
RB-260,Jordan Munn,NA,8200,FALSE
RB-261,Lennard Sparks,NA,7100,FALSE
RB-262,Cameron Stevenson,NA,4100,FALSE
RB-263,Patrick Dawson,NA,6900,FALSE
RB-264,John Clark,NA,6700,FALSE
RB-265,Norm Macdonald,NA,40011.43408,FALSE
RB-266,Cameron Stevenson,NA,NA,FALSE
RB-267,Patrick Dawson,NA,NA,FALSE
RB-268,Cameron Stevenson,NA,NA,FALSE
RB-269,Patrick Dawson,NA,NA,FALSE
RB-270,John Clark,NA,3400,FALSE
RB-271,Patrick Dawson,NA,1500,FALSE
RB-272,Norm Macdonald,NA,35524,FALSE
RB-273,Norm Macdonald,NA,4792.384249,FALSE
RB-274,Cameron Stevenson,NA,NA,FALSE
RB-275,Cameron Stevenson,NA,NA,FALSE
RB-276,Jordan Munn,NA,10800,FALSE
RB-277,Lennard Sparks,NA,8300,FALSE
RB-278,Cameron Stevenson,NA,3700,FALSE
RB-279,Patrick Dawson,NA,4600,FALSE
RB-280,John Clark,NA,3900,FALSE
RB-281,Norm Macdonald,NA,48765.3023,FALSE
RB-283,Jordan Munn,NA,NA,FALSE
RB-284,Norm Macdonald,NA,30738.32567,FALSE
RB-285,Jordan Munn,NA,10100,FALSE
RB-286,Lennard Sparks,NA,6300,FALSE
RB-287,Cameron Stevenson,NA,5200,FALSE
RB-288,Patrick Dawson,NA,6100,FALSE
RB-289,John Clark,NA,6600,FALSE
RB-290,Jordan Munn,NA,5800,FALSE
RB-291,Lennard Sparks,NA,5100,FALSE
RB-292,Cameron Stevenson,NA,6800,FALSE
RB-293,Patrick Dawson,NA,5900,FALSE
RB-294,John Clark,NA,5800,FALSE
RB-295,Patrick Dawson,NA,NA,TRUE
RB-296,Norm Macdonald,NA,31092.153,FALSE
RB-297,Lennard Sparks,NA,NA,FALSE
RB-298,Cameron Stevenson,NA,NA,FALSE
RB-300,Norm Macdonald,NA,45349.75298,FALSE
RB-301,Norm Macdonald,NA,46846.08513,FALSE
RB-302,Cameron Stevenson,NA,NA,FALSE
RB-303,Lennard Sparks,NA,NA,FALSE
RB-304,Patrick Dawson,NA,3900,FALSE
RB-306,Norm Macdonald,NA,37976.54471,FALSE
RB-307,Cameron Stevenson,NA,NA,FALSE
RB-308,Lennard Sparks,NA,NA,FALSE
RB-308,Jordan Munn,NA,NA,FALSE
RB-309,Norm Macdonald,NA,4514.387642,FALSE
RB-310,Norm Macdonald,NA,45019.54473,FALSE
RB-313,Norm Macdonald,NA,31790.69876,FALSE
RB-314,Lennard Sparks,NA,NA,FALSE
RB-315,Norm Macdonald,NA,47212.13525,FALSE
RB-316,Jordan Munn,NA,7400,FALSE
RB-317,Lennard Sparks,NA,6200,FALSE
RB-318,Cameron Stevenson,NA,3400,FALSE
RB-319,Patrick Dawson,NA,5800,FALSE
RB-320,John Clark,NA,6500,FALSE
RB-321,Norm Macdonald,NA,45689.07664,FALSE
RB-322,Lennard Sparks,NA,NA,FALSE
RB-323,Patrick Dawson,NA,NA,FALSE
RB-323,Peter McClelland,NA,NA,FALSE
RB-323,Cameron Stevenson,NA,NA,FALSE
RB-324,John Clark,NA,NA,TRUE
RB-325,Norm Macdonald,NA,45779.79547,FALSE
RB-326,Jordan Munn,NA,6300,FALSE
RB-327,Lennard Sparks,NA,6100,FALSE
RB-328,Cameron Stevenson,NA,2700,FALSE
RB-329,Patrick Dawson,NA,5100,FALSE
RB-330,John Clark,NA,4100,FALSE
RB-331,Patrick Dawson,NA,NA,FALSE
RB-331,Cameron Stevenson,NA,NA,FALSE
RB-332,Lennard Sparks,NA,NA,FALSE
RB-333,Jordan Munn,NA,NA,FALSE
RB-334,Peter McClelland,NA,NA,FALSE
RB-335,Norm Macdonald,NA,38977.57629,FALSE
RB-336,Patrick Dawson,NA,NA,FALSE
RB-336,John Clark,NA,NA,FALSE
RB-336,Cameron Stevenson,NA,NA,FALSE
RB-337,Norm Macdonald,NA,36980.0373,FALSE
RB-338,Jordan Munn,NA,5400,FALSE
RB-339,Lennard Sparks,NA,4900,FALSE
RB-340,Cameron Stevenson,NA,2400,FALSE
RB-341,Patrick Dawson,NA,4100,FALSE
RB-342,John Clark,NA,4500,FALSE
RB-343,Norm Macdonald,NA,39965.95229,FALSE
RB-344,Norm Macdonald,NA,42251.97414,FALSE
RB-345,Lennard Sparks,NA,NA,FALSE
RB-346,Cameron Stevenson,NA,7346.87864,FALSE
RB-347,Jordan Munn,NA,7300,FALSE
RB-348,Lennard Sparks,NA,5000,FALSE
RB-349,Cameron Stevenson,NA,3000,FALSE
RB-350,Patrick Dawson,NA,2800,FALSE
RB-351,John Clark,NA,5000,FALSE
RB-352,Norm Macdonald,NA,45682.70819,FALSE
RB-353,Lennard Sparks,NA,NA,FALSE
RB-354,Cameron Stevenson,NA,NA,FALSE
RB-355,Norm Macdonald,NA,39001.13269,FALSE
RB-356,Cameron Stevenson,NA,2900,FALSE
RB-357,Patrick Dawson,NA,4700,FALSE
RB-358,John Clark,NA,7300,FALSE
RB-359,Norm Macdonald,NA,51066.23074,FALSE
RB-360,Jordan Munn,NA,6600,FALSE
RB-361,Lennard Sparks,NA,4100,FALSE
RB-362,Cameron Stevenson,NA,2500,FALSE
RB-363,Patrick Dawson,NA,2600,FALSE
RB-364,John Clark,NA,4300,FALSE
RB-365,Jordan Munn,NA,NA,FALSE
RB-365,Lennard Sparks,NA,NA,FALSE
RB-366,Cameron Stevenson,NA,NA,FALSE
RB-367,Cameron Stevenson,NA,3200,FALSE
RB-368,Patrick Dawson,NA,5000,FALSE
RB-369,John Clark,NA,3600,FALSE
RB-370,Norm Macdonald,NA,23281.88531,FALSE
RB-371,John Clark,NA,NA,TRUE
RB-372,Lennard Sparks,NA,NA,FALSE
RB-373,Cameron Stevenson,NA,NA,FALSE
RB-374,Jordan Munn,NA,NA,FALSE
RB-374,Lennard Sparks,NA,NA,FALSE
RB-375,Cameron Stevenson,NA,NA,FALSE
RB-376,Norm Macdonald,NA,37125.47718,FALSE
RB-377,Jordan Munn,NA,6000,FALSE
RB-378,Lennard Sparks,NA,5500,FALSE
RB-379,Cameron Stevenson,NA,2800,FALSE
RB-380,Patrick Dawson,NA,7700,FALSE
RB-381,John Clark,NA,5100,FALSE
RB-382,Norm Macdonald,NA,40326.20231,FALSE
RB-383,Norm Macdonald,NA,47591.69854,FALSE
RB-384,Jordan Munn,NA,4000,FALSE
RB-386,Patrick Dawson,NA,3700,FALSE
RB-387,John Clark,NA,2000,FALSE
RB-388,Norm Macdonald,NA,33999.04663,FALSE
RB-389,Norm Macdonald,NA,48617.34646,FALSE
RB-390,John Clark,NA,2700,FALSE
RB-391,Patrick Dawson,NA,4400,FALSE
RB-393,Norm Macdonald,NA,26957.99593,FALSE
RB-394,Jordan Munn,NA,6500,FALSE
RB-396,Patrick Dawson,NA,7500,FALSE
RB-397,John Clark,NA,6300,FALSE
RB-398,Norm Macdonald,NA,16028.76826,FALSE
RB-399,Norm Macdonald,NA,36949.32342,FALSE
RB-400,Norm Macdonald,NA,56824.30521,FALSE
RB-401,Jordan Munn,NA,6300,FALSE
RB-402,Lennard Sparks,NA,6000,FALSE
RB-403,Cameron Stevenson,NA,5400,FALSE
RB-404,Patrick Dawson,NA,5200,FALSE
RB-405,John Clark,NA,7300,FALSE
RB-406,Lennard Sparks,NA,NA,FALSE
RB-407,Cameron Stevenson,NA,NA,FALSE
RB-408,Norm Macdonald,NA,28869.35877,FALSE
RB-410,Norm Macdonald,NA,45118.31254,FALSE
RB-411,Lennard Sparks,NA,NA,FALSE
RB-412,Jordan Munn,NA,4900,FALSE
RB-415,Patrick Dawson,NA,4900,FALSE
RB-416,John Clark,NA,6900,FALSE
RB-417,Patrick Dawson,NA,NA,FALSE
RB-418,Norm Macdonald,NA,38979.18463,FALSE
RB-419,Lennard Sparks,NA,7100,FALSE
RB-420,John Clark,NA,7300,FALSE
RB-423,Patrick Dawson,NA,3400,FALSE
RB-424,Patrick Dawson,NA,NA,TRUE
RB-425,Norm Macdonald,NA,38798.47342,FALSE
RB-426,Jordan Munn,NA,NA,FALSE
RB-427,Jordan Munn,NA,NA,FALSE
RB-428,Norm Macdonald,NA,46604.404,FALSE
RB-429,Lennard Sparks,NA,3300,FALSE
RB-430,Patrick Dawson,NA,3200,FALSE
RB-433,Jordan Munn,NA,4500,FALSE
RB-434,Lennard Sparks,NA,6200,FALSE
RB-437,Patrick Dawson,NA,8300,FALSE
RB-438,John Clark,NA,5500,FALSE
RB-439,Jordan Munn,NA,NA,FALSE
RB-440,Norm Macdonald,NA,43276.90669,FALSE
RB-441,Norm Macdonald,NA,70002.82527,FALSE
RB-442,Lennard Sparks,NA,5000,FALSE
RB-443,John Clark,NA,5100,FALSE
RB-444,Cameron Stevenson,NA,NA,TRUE
RB-448,Norm Macdonald,NA,NA,TRUE
RB-449,Lennard Sparks,NA,NA,FALSE
RB-450,Cameron Stevenson,NA,NA,FALSE
RB-450,Patrick Dawson,NA,NA,FALSE
RB-451,Patrick Dawson,NA,1700,FALSE
RB-452,Lennard Sparks,NA,NA,FALSE
RB-453,Cameron Stevenson,NA,NA,FALSE
RB-454,Jordan Munn,NA,3900,FALSE
RB-455,Lennard Sparks,NA,4600,FALSE
RB-456,Patrick Dawson,NA,1900,FALSE
RB-457,John Clark,NA,2900,FALSE
RB-458,Patrick Dawson,NA,1900,FALSE
RB-459,Norm Macdonald,NA,49263.344,TRUE
RB-460,Lennard Sparks,NA,NA,FALSE
RB-461,Norm Macdonald,NA,69191.987,FALSE
RB-464,John Clark,NA,3100,FALSE
RB-465,Lennard Sparks,NA,NA,FALSE
RB-467,John Clark,NA,4000,FALSE
RB-468,Norm Macdonald,NA,39316.4614,FALSE
RB-469,Patrick Dawson,NA,3400,FALSE
RB-470,John Clark,NA,4000,FALSE
RB-471,Norm Macdonald,NA,38608.38781,FALSE
RB-472,Patrick Dawson,NA,NA,FALSE
RB-472,John Clark,NA,NA,FALSE
RB-474,John Clark,NA,2400,FALSE
RB-475,Norm Macdonald,NA,67423.97378,FALSE
RB-476,Norm Macdonald,NA,42313.0237,FALSE
RB-478,Patrick Dawson,NA,1900,FALSE
RB-479,Jordan Munn,NA,8600,FALSE
RB-480,Patrick Dawson,NA,NA,FALSE
RB-481,Norm Macdonald,NA,52256.2,FALSE
RB-482,Patrick Dawson,NA,2300,FALSE
RB-483,Jordan Munn,NA,4700,FALSE
RB-484,Lennard Sparks,NA,NA,FALSE
RB-485,Patrick Dawson,NA,NA,TRUE
RB-486,Norm Macdonald,NA,42056.25976,FALSE
RB-488,Patrick Dawson,NA,1100,FALSE
RB-489,Lennard Sparks,NA,1800,FALSE
RB-490,Norm Macdonald,NA,79575.40663,FALSE
RB-492,Jordan Munn,NA,5500,FALSE
RB-493,Patrick Dawson,NA,NA,FALSE
RB-494,Norm Macdonald,NA,35706.45715,FALSE
RB-496,Norm Macdonald,NA,55032.64243,FALSE
RB-497,Cameron Stevenson,NA,3083.946583,FALSE
RB-498,Cameron Stevenson,NA,5115.955433,FALSE
RB-499,Norm Macdonald,NA,58414.48588,FALSE
RB-500,Norm Macdonald,NA,44130.98612,FALSE
RB-501,Jake Pattison,NA,NA,FALSE
RB-502,Norm Macdonald,NA,40520.52596,FALSE
RB-503,Cameron Stevenson,NA,2500,FALSE
RB-504,Lennard Sparks,NA,6700,FALSE
RB-505,Patrick Dawson,NA,2900,FALSE
RB-506,Jordan Munn,NA,4600,FALSE
RB-507,John Clark,NA,3000,FALSE
RB-508,Norm Macdonald,NA,40093.609,FALSE
RB-509,Jake Pattison,NA,NA,FALSE
RB-511,Jake Pattison,NA,NA,FALSE
RB-511,Chris Gill,NA,NA,FALSE
RB-512,Norm Macdonald,NA,NA,TRUE
RB-513,Norm Macdonald,NA,47511.27455,FALSE
RB-514,Norm Macdonald,NA,4325.08479,TRUE
RB-515,Jake Pattison,NA,NA,FALSE
RB-516,Norm Macdonald,NA,3892.624838,FALSE
RB-518,Patrick Dawson,NA,1800,FALSE
RB-519,Cameron Stevenson,NA,9736.689845,FALSE
RB-519,Jordan Munn,NA,NA,FALSE
RB-519,John Clark,NA,NA,FALSE
RB-519,Lennard Sparks,NA,NA,FALSE
RB-520,Jake Pattison,NA,NA,FALSE
RB-520,Chris Gill,NA,NA,FALSE
RB-522,Norm Macdonald,NA,11213.30713,FALSE
RB-523,Norm Macdonald,NA,28359.79635,FALSE
RB-524,Norm Macdonald,NA,4230.587963,FALSE
RB-525,Norm Macdonald,NA,3149.764027,FALSE
RB-526,Norm Macdonald,NA,7026.269075,FALSE
RB-527,Norm Macdonald,NA,9886.305564,FALSE
RB-528,Norm Macdonald,NA,29028.98005,FALSE
RB-534,Lennard Sparks,NA,NA,FALSE
RB-529,Norm Macdonald,NA,13153.31592,FALSE
RB-530,Norm Macdonald,NA,4036.063235,FALSE
RB-531,Norm Macdonald,NA,3202.988417,FALSE
RB-555,Tauren Collinson,NA,NA,FALSE
RB-558,Lennard Sparks,NA,NA,FALSE
RB-559,Lennard Sparks,NA,NA,FALSE
RB-567,Tauren Collinson,NA,NA,FALSE
RB-569,Lennard Sparks,NA,NA,FALSE
RB-161,Cameron Stevenson,75,2200,FALSE
RB-167,Lennard Sparks,112,2800,FALSE
RB-185,Cameron Stevenson,126,2300,FALSE
RB-193,Cameron Stevenson,47,1100,FALSE
RB-198,Cameron Stevenson,176,3900,FALSE
RB-233,Cameron Stevenson,88,2400,FALSE
RB-233,Jordan Munn,21,637,FALSE
RB-234,Patrick Dawson,83,1500,FALSE
RB-282,Cameron Stevenson,30,NA,FALSE
RB-282,Patrick Dawson,62,1800,FALSE
RB-282,Lennard Sparks,40,1000,FALSE
RB-282,Norm Macdonald,NA,NA,FALSE
RB-299,Cameron Stevenson,370,NA,FALSE
RB-299,Lennard Sparks,262,4578,FALSE
RB-299,Patrick Dawson,334,4300,FALSE
RB-299,John Clark,425,9900,FALSE
RB-299,Norm Macdonald,NA,NA,FALSE
RB-305,Cameron Stevenson,273,5000,FALSE
RB-305,Jordan Munn,196,5200,FALSE
RB-305,Lennard Sparks,126,3100,FALSE
RB-305,Patrick Dawson,292,2700,FALSE
RB-305,John Clark,152,2986,FALSE
RB-305,Norm Macdonald,NA,NA,FALSE
RB-311,Cameron Stevenson,140,NA,FALSE
RB-311,John Clark,177,3800,FALSE
RB-311,Jordan Munn,119,3200,FALSE
RB-312,Peter McClelland,96,212,FALSE
RB-312,Cameron Stevenson,96,646,FALSE
RB-385,Cameron Stevenson,124,1600,FALSE
RB-385,Lennard Sparks,130,1600,FALSE
RB-385,Norm Macdonald,NA,NA,FALSE
RB-392,Cameron Stevenson,246,6600,FALSE
RB-392,Jordan Munn,186,5100,FALSE
RB-395,Cameron Stevenson,144,3300,FALSE
RB-395,Lennard Sparks,61,1100,FALSE
RB-395,Norm Macdonald,NA,NA,FALSE
RB-409,Cameron Stevenson,110,2340,FALSE
RB-409,Jordan Munn,22,1000,FALSE
RB-409,Lennard Sparks,114,1550,FALSE
RB-409,Patrick Dawson,NA,NA,FALSE
RB-409,Peter McClelland,NA,NA,FALSE
RB-409,Norm Macdonald,NA,NA,FALSE
RB-413,Lennard Sparks,192,4300,FALSE
RB-414,Cameron Stevenson,253,4649,FALSE
RB-421,Cameron Stevenson,41,1117,FALSE
RB-422,Patrick Dawson,133,2800,FALSE
RB-431,Cameron Stevenson,99,2412,FALSE
RB-431,Norm Macdonald,NA,NA,FALSE
RB-432,John Clark,99,2100,FALSE
RB-435,Lennard Sparks,85,2100,FALSE
RB-436,Cameron Stevenson,203,3900,FALSE
RB-436,Norm Macdonald,NA,NA,FALSE
RB-445,Cameron Stevenson,71,2000,FALSE
RB-445,Jordan Munn,25,659,FALSE
RB-445,Norm Macdonald,NA,NA,FALSE
RB-446,Cameron Stevenson,95,1858,FALSE
RB-446,Jordan Munn,29,480,FALSE
RB-447,Patrick Dawson,94,1800,FALSE
RB-462,Cameron Stevenson,220,3500,FALSE
RB-462,Norm Macdonald,NA,NA,FALSE
RB-463,Patrick Dawson,272,7500,FALSE
RB-466,Cameron Stevenson,261,4500,FALSE
RB-466,Patrick Dawson,234,2776,FALSE
RB-466,John Clark,258,4100,FALSE
RB-466,Norm Macdonald,NA,NA,FALSE
RB-473,Cameron Stevenson,248,4502,FALSE
RB-473,Lennard Sparks,113,2141,FALSE
RB-473,Norm Macdonald,NA,NA,FALSE
RB-477,Cameron Stevenson,377,6800,FALSE
RB-477,Patrick Dawson,343,5300,FALSE
RB-477,John Clark,NA,NA,FALSE
RB-477,Lennard Sparks,140,2600,FALSE
RB-477,Norm Macdonald,NA,NA,FALSE
RB-487,Cameron Stevenson,227,5400,FALSE
RB-487,Jordan Munn,147,3000,FALSE
RB-487,John Clark,281,7300,FALSE
RB-487,Norm Macdonald,NA,NA,FALSE
RB-491,Cameron Stevenson,178,4200,FALSE
RB-491,Lennard Sparks,178,4200,FALSE
RB-491,John Clark,214,4300,FALSE
RB-491,Patrick Dawson,NA,NA,FALSE
RB-491,Norm Macdonald,NA,NA,FALSE
RB-495,Cameron Stevenson,115,1800,FALSE
RB-495,John Clark,119,2100,FALSE
RB-495,Lennard Sparks,41,1300,FALSE
RB-495,Jordan Munn,97,3100,FALSE
RB-495,Patrick Dawson,66,1200,FALSE
RB-495,Norm Macdonald,NA,NA,FALSE
RB-510,Cameron Stevenson,158,2800,FALSE
RB-510,Jordan Munn,288,2200,FALSE
RB-510,John Clark,229,3000,FALSE
RB-510,Lennard Sparks,157,2100,FALSE
RB-510,Norm Macdonald,NA,NA,FALSE
RB-517,Cameron Stevenson,90,5900,FALSE
RB-517,John Clark,128,4400,FALSE
RB-517,Jordan Munn,127,2800,FALSE
RB-517,Lennard Sparks,153,3600,FALSE
RB-517,Patrick Dawson,85,3500,FALSE
RB-517,Norm Macdonald,NA,NA,FALSE
RB-532,Lennard Sparks,73,2200,FALSE
RB-532,Judson Brown,73,NA,FALSE
RB-532,Gerry Morigeau,73,NA,FALSE
RB-532,Peter Dyment,73,NA,FALSE
RB-533,Lennard Sparks,47,NA,FALSE
RB-533,Judson Brown,47,NA,FALSE
RB-533,Gerry Morigeau,47,NA,FALSE
RB-533,Peter Dyment,47,NA,FALSE
RB-535,Peter Dyment,40,NA,FALSE
RB-535,Gerry Morigeau,62,921,FALSE
RB-535,Lennard Sparks,51,1100,FALSE
RB-535,Tauren Collinson,40,NA,FALSE
RB-535,Judson Brown,40,NA,FALSE
RB-536,Tauren Collinson,45,NA,FALSE
RB-536,Judson Brown,45,NA,FALSE
RB-536,Lennard Sparks,35,1400,FALSE
RB-536,Peter Dyment,45,NA,FALSE
RB-536,Gerry Morigeau,38,789,FALSE
RB-537,Lennard Sparks,389,6300,FALSE
RB-537,Gerry Morigeau,376,4300,FALSE
RB-538,Lennard Sparks,332,5800,FALSE
RB-538,Peter Dyment,332,5800,FALSE
RB-538,Gerry Morigeau,70,5000,FALSE
RB-539,Lennard Sparks,110,NA,FALSE
RB-539,Judson Brown,110,NA,FALSE
RB-539,Gerry Morigeau,110,NA,FALSE
RB-539,Tauren Collinson,110,NA,FALSE
RB-539,Peter Dyment,110,NA,FALSE
RB-540,Lennard Sparks,132,2600,FALSE
RB-540,Tauren Collinson,160,NA,FALSE
RB-540,Gerry Morigeau,160,NA,FALSE
RB-540,Judson Brown,160,NA,FALSE
RB-540,Peter Dyment,160,NA,FALSE
RB-541,Lennard Sparks,198,4100,FALSE
RB-541,Tauren Collinson,220,3100,FALSE
RB-541,Gerry Morigeau,188,2300,FALSE
RB-542,Lennard Sparks,283,6400,FALSE
RB-542,Tauren Collinson,251,2100,FALSE
RB-542,Peter Dyment,202,837,FALSE
RB-542,Gerry Morigeau,300,NA,FALSE
RB-542,Judson Brown,275,NA,FALSE
RB-543,Lennard Sparks,111,2700,FALSE
RB-543,Tauren Collinson,127,2900,FALSE
RB-543,Gerry Morigeau,160,NA,FALSE
RB-543,Peter Dyment,160,NA,FALSE
RB-543,Judson Brown,160,NA,FALSE
RB-544,Lennard Sparks,168,2200,FALSE
RB-544,Tauren Collinson,144,1400,FALSE
RB-544,Peter Dyment,161,1000,FALSE
RB-544,Gerry Morigeau,130,1900,FALSE
RB-544,Judson Brown,150,NA,FALSE
RB-545,Lennard Sparks,110,2400,FALSE
RB-545,Tauren Collinson,111,2200,FALSE
RB-545,Peter Dyment,105,2000,FALSE
RB-545,Gerry Morigeau,111,2000,FALSE
RB-545,Judson Brown,135,NA,FALSE
RB-546,Lennard Sparks,219,2600,FALSE
RB-546,Tauren Collinson,239,1900,FALSE
RB-546,Peter Dyment,243,1900,FALSE
RB-546,Gerry Morigeau,237,2400,FALSE
RB-546,Judson Brown,255,NA,FALSE
RB-547,Lennard Sparks,163,3300,FALSE
RB-547,Tauren Collinson,188,3200,FALSE
RB-547,Peter Dyment,198,2400,FALSE
RB-547,Gerry Morigeau,226,2500,FALSE
RB-547,Judson Brown,200,NA,FALSE
RB-548,Lennard Sparks,355,6200,FALSE
RB-548,Tauren Collinson,333,4700,FALSE
RB-548,Peter Dyment,390,NA,FALSE
RB-548,Gerry Morigeau,348,4300,FALSE
RB-548,Judson Brown,390,4100,FALSE
RB-549,Lennard Sparks,124,3400,FALSE
RB-549,Gerry Morigeau,151,2400,FALSE
RB-550,Lennard Sparks,150,NA,FALSE
RB-550,Tauren Collinson,150,NA,FALSE
RB-550,Peter Dyment,150,NA,FALSE
RB-550,Gerry Morigeau,150,NA,FALSE
RB-551,Lennard Sparks,325,4700,FALSE
RB-551,Peter Dyment,308,2700,FALSE
RB-551,Gerry Morigeau,308,3400,FALSE
RB-551,Tauren Collinson,64,1900,FALSE
RB-552,Lennard Sparks,120,NA,FALSE
RB-552,Tauren Collinson,120,NA,FALSE
RB-552,Peter Dyment,120,NA,FALSE
RB-552,Gerry Morigeau,120,NA,FALSE
RB-553,Lennard Sparks,290,NA,FALSE
RB-553,Peter Dyment,243,2400,FALSE
RB-553,Gerry Morigeau,280,2700,FALSE
RB-553,Tauren Collinson,270,NA,FALSE
RB-554,Lennard Sparks,97,1200,FALSE
RB-554,Peter Dyment,180,NA,FALSE
RB-554,Gerry Morigeau,104,994,FALSE
RB-554,Tauren Collinson,220,2600,FALSE
RB-556,Lennard Sparks,31,1300,FALSE
RB-556,Tauren Collinson,26,1000,FALSE
RB-556,Gerry Morigeau,30,NA,FALSE
RB-556,Peter Dyment,30,NA,FALSE
RB-557,Lennard Sparks,250,3400,FALSE
RB-557,Tauren Collinson,264,3200,FALSE
RB-557,Gerry Morigeau,183,2000,FALSE
RB-557,Peter Dyment,315,NA,FALSE
RB-560,Gerry Morigeau,330,2800,FALSE
RB-560,Tauren Collinson,294,3400,FALSE
RB-560,Peter Dyment,291,2600,FALSE
RB-561,Lennard Sparks,114,2900,FALSE
RB-561,Nathan Cardinal,120,NA,FALSE
RB-561,Judson Brown,120,NA,FALSE
RB-561,Gerry Morigeau,112,1700,FALSE
RB-561,Peter Dyment,120,1100,FALSE
RB-561,Tauren Collinson,114,2600,FALSE
RB-562,Lennard Sparks,417,6900,FALSE
RB-562,Tauren Collinson,412,8000,FALSE
RB-562,Gerry Morigeau,416,6900,FALSE
RB-562,Nathan Cardinal,436,6000,FALSE
RB-562,Peter Dyment,420,4500,FALSE
RB-562,Clint Johnson,250,3400,FALSE
RB-562,Judson Brown,420,NA,FALSE
RB-563,Lennard Sparks,296,4600,FALSE
RB-563,Tauren Collinson,304,3600,FALSE
RB-563,Peter Dyment,304,2300,FALSE
RB-563,Gerry Morigeau,272,2200,FALSE
RB-563,Judson Brown,370,NA,FALSE
RB-564,Lennard Sparks,147,1700,FALSE
RB-564,Tauren Collinson,145,1900,FALSE
RB-564,Peter Dyment,86,1200,FALSE
RB-564,Gerry Morigeau,138,433,FALSE
RB-564,Judson Brown,180,NA,FALSE
RB-565,Lennard Sparks,86,2000,FALSE
RB-565,Gerry Morigeau,71,1100,FALSE
RB-565,Peter Dyment,150,NA,FALSE
RB-565,Tauren Collinson,66,1800,FALSE
RB-565,Judson Brown,150,NA,FALSE
RB-566,Lennard Sparks,138,2100,FALSE
RB-566,Peter Dyment,233,3200,FALSE
RB-566,Gerry Morigeau,42,930,FALSE
RB-566,Judson Brown,90,NA,FALSE
RB-568,Lennard Sparks,414,6800,FALSE
RB-568,Gerry Morigeau,409,4700,FALSE
RB-568,Tauren Collinson,222,2500,FALSE
RB18-001,Lennard Sparks,NA,NA,NA
RB18-002,Lennard Sparks,NA,NA,NA
RB18-003,Lennard Sparks,NA,NA,NA
RB18-004,Lennard Sparks,NA,NA,NA
RB18-005,Judson Brown,NA,NA,NA
RB18-006,Lennard Sparks,NA,NA,NA
RB18-007,Lennard Sparks,NA,NA,NA
RB18-008,Lennard Sparks,NA,NA,NA
RB18-009,Lennard Sparks,NA,NA,NA
RB18-010,Lennard Sparks,NA,NA,NA
RB18-011,Lennard Sparks,NA,NA,NA
RB18-012,Lennard Sparks,NA,NA,NA
RB18-013,Lennard Sparks,NA,NA,NA
RB18-014,Lennard Sparks,NA,NA,NA
RB18-015,Lennard Sparks,NA,NA,NA
RB18-016,Lennard Sparks,NA,NA,NA
RB18-017,Peter Dyment,NA,NA,NA
RB18-017,Tauren Collinson,NA,NA,NA
RB18-017,Gerry Morigeau,NA,NA,NA
RB18-018,Lennard Sparks,NA,NA,NA
RB18-019,Lennard Sparks,NA,NA,NA
RB18-019,Jay Jones,NA,NA,NA
RB18-019,Jonas Prevost,NA,NA,NA
RB18-019,Judson Brown,NA,NA,NA
RB18-019,Gerry Morigeau,NA,NA,NA
RB18-019,Tauren Collinson,NA,NA,NA
RB18-020,Lennard Sparks,NA,NA,NA
RB18-021,Lennard Sparks,NA,NA,NA
RB18-022,Lennard Sparks,NA,NA,NA
RB18-023,Peter Dyment,NA,NA,NA
RB18-024,Lennard Sparks,NA,NA,NA
RB18-025,Lennard Sparks,NA,NA,NA
RB18-026,Lennard Sparks,NA,NA,NA
RB18-027,Lennard Sparks,NA,NA,NA
RB18-028,Judson Brown,NA,NA,NA
RB18-029,Lennard Sparks,NA,NA,NA
RB18-030,Judson Brown,NA,NA,NA
RB18-031,Lennard Sparks,NA,NA,NA
RB18-032,Lennard Sparks,NA,NA,NA
RB18-033,Judson Brown,NA,NA,NA
RB18-034,Lennard Sparks,NA,NA,NA
RB18-035,Lennard Sparks,NA,NA,NA
RB18-036,Lennard Sparks,NA,NA,NA
RB18-037,Lennard Sparks,NA,NA,NA
RB-110,Norm Macdonald,NA,NA,NA